{
  "metadata": {
    "name": "Manhwa18",
    "author": "purple_sunset",
    "version": 12,
    "source": "https://manhwa18.com",
    "regexp": "(www.)?manhwa18.com/[^/]+/?",
    "description": "Read Manhwa, manga online, manhwa engsub, manhwa mobile",
    "local": "vi-VN",
    "language": "javascript",
    "type": "comic",
    "tag": "nsfw"
  },
  "script": {
    "home": "home.js",
    "genre": "genre.js",
    "detail": "detail.js",
    "search": "search.js",
    "toc": "toc.js",
    "chap": "chap.js"
  }
}