{
  "metadata": {
    "name": "E-Hentai",
    "author": "purple_sunset",
    "version": 7,
    "source": "https://e-hentai.org/",
    "regexp": "(www.)?e-hentai.org/[^/+]+/?$",
    "description": "E-Hentai Galleries: The Free Hentai Doujinshi, Manga and Image Gallery System",
    "local": "vi-VN",
    "language": "javascript",
    "type": "comic",
    "tag": "nsfw"
  },
  "script": {
    "home": "home.js",
    "genre": "genre.js",
    "detail": "detail.js",
    "search": "search.js",
    "toc": "toc.js",
    "chap": "chap.js"
  }
}