{
  "metadata": {
    "name": "Toonily",
    "author": "purple_sunset",
    "version": 2,
    "source": "https://toonily.com/",
    "regexp": "(www.)?toonily.com/[^/]+/?",
    "description": "Read English Korean Manhwa and webtoons Online For Free at Toonily",
    "local": "vi-VN",
    "language": "javascript",
    "type": "comic",
    "tag": "nsfw"
  },
  "script": {
    "home": "home.js",
    "genre": "genre.js",
    "detail": "detail.js",
    "search": "search.js",
    "toc": "toc.js",
    "chap": "chap.js"
  }
}